Description,Prix,Fiabilite
excel formulas vba macros charts forms addins,8.701,0.8017073499969806
data mining web scraping data extraction excel csv job,3.263,0.8735578447045257
web scraping data scraping scraping emails website scraping,2.176,0.8061595923300592
python web scraping data entry and data extraction,1.088,0.8481915513049942
data scraping web site scraping and data collection,4.351,0.8319727098286755
perfect web scraping data mining for you using python,2.176,0.8388138423378811
web scraper using python for you,10.876,0.8426828557358645
web scraping crawling and data mining with python and nodejs,17.401,0.8569172241266991
website scraping python scripts automation web scrapers,4.351,0.8049592764884774
compose advanced excel formulas and automate excel with vba,1.088,0.8711216521280316
help you to create your excel project,1.088,0.7243398235270185
automate microsoft excel spreadsheet excel vba and macros,4.351,0.8120848760179419
web scraping data mining of any website using python,1.088,0.8657232536896539
accurate and lightning fast excel work,3.263,0.8615071654196672
automate your workspace with google apps script,21.752,0.8154586797476188
professional excel and google sheets,6.526,0.8206185031195168
web scraping data mining and automation task any website,4.351,0.6752657952862129
automate excel csv or google sheets data tasks using python scripting,1.088,0.7651532812676322
automation and build bots in python and selenium,4.351,0.828187006293733
perfect google sheets wizard,20.664,0.8073089541194554
any microsoft excel formula excel macro excel vba and chart,10.876,0.8735578447045257
web scraping data mining extraction and data collection,2.176,0.8733971210563789
product scraping web scraping image scraping,1.088,0.8054712437496728
web scraping and data mining with python up to 100k rows,4.351,0.8124085494123992
anything excel and word templates macros vba formatting,19.576,0.8625028308467309
web scraping data scraping using python web scraper,2.176,0.758190932501323
automate your excel with vba and macros,2.176,0.8348812065856221
code an indicator or strategy in tradingview pinescript,10.876,0.8267103359347775
develop excel macros complex formulas and pivot tables,10.876,0.8551277531777519
excel spreadsheet excel vba data entry excel functions,10.876,0.8406586114410877
solve your excel or google sheets problem,8.701,0.8713508735697763
web scraping data mining and extraction with python,6.526,0.7804778061957706
best service in excel macro vba formula automation,6.526,0.8652880599402835
web scraping data extraction or build custom web scraper,4.351,0.8534378904497744
web scraper web scraping data mining data extraction,2.176,0.8409876520547465
excel formula pivot table excel vba macros dashboards,2.176,0.826195476774527
accurately do data mining data collection web scraping,3.263,0.7672164862884734
help you in python,1.088,0.7537872259496894
your microsoft excel spreadsheet google sheet excel vba,2.176,0.8620684945003556
automated excel spreadsheet with excel formula and excel expert,2.176,0.758190932501323
your excel spreadsheet and google sheet projects vba formula functions,2.176,0.8716873874873756
automate your excel with vba macros and formulas,2.176,0.758190932501323
web scraping and data extraction from any website,6.526,0.800292897834484
scrape websites and build scrapers for data mining using python,2.176,0.8240096963571696
web scrape or mine data from a webpage or website,2.176,0.8735578447045257
be expert in excel microsoft excel google sheets vba formula charts etc,6.526,0.8735578447045257
you a beautiful custom excel spreadsheet or google sheet,2.176,0.8010089519020883
service in excel macros vba formulas and report,21.752,0.8735578447045257
automate microsoft excel vba macros formulas ms excel data dashboard services,8.701,0.8645008948022048
web scraping using python beautifulsoup selenium scrapy,6.526,0.8073089541194554
anything with excel and macros vba fast possible,2.176,0.8554682264156438
google sheets formula script and automation expert,21.752,0.8382343878810266
be the problem solving excel expert for microsoft excel assignment and project,2.176,0.8357315523349617
automate google sheet and excel formulas macros vba apps script api,21.752,0.8531817207966846
scrape data using selenium,6.526,0.713048267717348
web scraping data mining and web crawling using python from any website,4.351,0.8318977369354827
web scraping data scraping and data extraction,4.351,0.8735578447045257
excel vba macros automation ms excel and formulas,4.351,0.8113886931177348
and fix any excel formula and macros,2.176,0.8735578447045257
web scraping data mining data scraping automation,4.351,0.8274609835995999
automate your excel csv xml json data tasks using python,1.088,0.7812906227873571
perfect web scrapping data from any website in any format,1.088,0.8538768890706219
web scraping data mining and data extraction,2.176,0.841034088406249
ms excel macro excel vba microsoft function formula automation,2.176,0.8094691994786807
simplify and streamline google sheets with apps script,16.314,0.7995583889091282
build intuitive google sheets spreadsheet or fix your sheet,16.314,0.8543647197207497
microsoft excel macro excel vba excel formula spreadsheet,2.176,0.8395149143612919
linkedin company and person all information scraping,1.088,0.8199455948488236
anything you need in excel spreadsheet,3.263,0.8708294159846819
data mining web scraping data extraction web crawling and data collection,6.526,0.8735578447045257
python web scraping and data mining,8.701,0.8676435786793988
get you financial data from bloomberg,3.263,0.7672164862884734
develop excel formulas reports and dashboards,10.876,0.8166600061043268
web scraping website scraping web scraper in python,16.314,0.8659218766956308
collect and scrape best quality leads from your required instagram accounts,1.088,0.7751586214199921
web scraping data extraction and data mining,4.351,0.8178053832251229
anything you need in excel vba for mac and windows,6.526,0.8073089541194554
web scraping data mining in 5 hours,5.438,0.8291650568343143
web crawling or web scraping from directory website,2.176,0.8262812229786233
scrap websites and provide cleaned data within 24 hours,2.176,0.7691706387241728
conduct web scraping using python,2.176,0.7909781851224409
any work in excel or google sheet including automation,10.876,0.8234288418428232
develop google sheets formulas and dashboard,2.176,0.7404522536314619
manual web scraping data mining data collection for accuracy,1.088,0.5809402158035948
any algorithm work using python,8.701,0.8485334743086683
google sheets expert for fixing or building a sheet a video call,8.701,0.7919554364118077
be trusted virtual assistant for data entry data mining web research scraping,1.088,0.8051614192821795
professional excel and google spreadsheets,8.701,0.8511973799369132
web scraping from any url website upto 50k,1.088,0.8116232661678584
a custom excel spreadsheet with formulas or macro,2.176,0.8735578447045257
microsoft excel spreadsheets vba functions formulas expert,2.176,0.8154552624644713
a professional dashboard in google sheets or excel,5.438,0.798030544073781
web scraping and data mining,1.088,0.8454947188676926
excel excel vba microsoft excel data entry and excel formulas automation,4.351,0.8554682264156438
python scripts web scraping pdf extraction and automation,5.438,0.7855716133119172
web scraping find email address and contact info by linkedin research,4.351,0.7450298313883402
microsoft excel spreadsheet google sheet excel vba dashboard excel sheet,2.176,0.8119412815508926
accurately scrape linkedin for leads emails etc,6.526,0.7349300245465662
web scraping data extraction to csv json xml and database,4.351,0.8136261605777088
python web scraping data extraction for any site in 1 day,2.176,0.6734841528034008
web scraping and data extraction for any website,21.752,0.8237211047290739
excel formula macro vba dashboard chart graph google sheets userform,2.176,0.8664201814263932
thorough internet research for contacts,3.263,0.8216132384900097
data collection email collection data mining linkedin scraping web scraping,1.088,0.8037038940366039
build python scripts do web scraping data mining extraction,4.351,0.8043387439064198
excel spreadsheet graphs formulas data entry macros vba cashflow pivot,1.088,0.820281585183374
scrape product data from amazon ebay shopify and any ecommerce website,1.088,0.8178053832251229
automate excel google sheets macros vba and apps script,4.351,0.8023888426535167
scrape data from any website to csv or import to wordpress,4.351,0.7961603784241512
web scraper for scraping web crawler and bots to automate the task,1.088,0.8170477845049933
scrape google maps business data with emails,1.088,0.7672164862884734
web scraping data extraction for any website,4.351,0.839879124272293
python web scraping data mining data scraping web scraper,4.351,0.8430298510785268
web scraping data scraping data extraction in python,2.176,0.8089454238041063
scrape crawl data mining any website,4.351,0.7464785219693459
build web scraper with octoparse in 24 hours,10.876,0.8051614192821795
make professional excel and google sheets,21.752,0.8585257795366545
data mining or be your professional web scraper,2.176,0.860276241971083
professional excel templates do macros vba formulas excel automation,2.176,0.8363871076599629
import products reviews from amazon to shopify,1.088,0.8388138423378811
solve or create formulas for google sheets and excel,2.176,0.8724926196797043
python web scraping and automation,10.876,0.8199455948488236
web scraping data mining any website upto 50k in 1 day,2.176,0.872664979630325
build excel spreadsheet charts pivottables macros,4.351,0.8341734323381751
assist you with excel formulas charts and data entry,2.176,0.811465360543699
scrape google maps businesses data with emails,2.176,0.8582452905305885
scrape active targeted email and data from any social media platform,1.088,0.7937830871538861
web scraping data extraction data mining from any website,2.176,0.8458915708238293
advance excel automation vba python web scraping,2.176,0.751872156562704
web scraping using excel vba,2.176,0.859116718105856
automate your google sheets scripts spreadsheets and automation,1.088,0.8405866299424771
microsoft excel formulas automation macros and vba,3.263,0.8295706640593554
python web scraping data mining from any website,4.351,0.8228329649967864
professionally do your web scraping or python scripts,13.051,0.8471243372023806
scrape products and upload in shopify or woocommerce,1.088,0.793820707714664
excel formulas macros vba task automation forms,1.088,0.8308712381619898
excel spreadsheet excel vba excel formulas excel macros google sheets scripts,2.176,0.8174910723276766
automate your google sheet using scripts,1.088,0.8558016933219186
data entry data mining web scraping and data extraction,1.088,0.7194911064004395
anything you need in excel vba and macros very fast,17.401,0.8505311998813924
anything in microsoft excel excel vba excel macro formulas and dashboard,6.526,0.8037038940366039
web scraping data scraping scraping emails website scraping,2.176,0.8061595923300592
vba programming macros and advanced excel contact first,5.438,0.8431441050802277
your excel google spreadsheet formulas functions vba consultant,2.176,0.8192531374740704
web scraping data extraction and automate any web tasks,10.876,0.7867294286862891
python programs for data scrapping and automation,5.438,0.7252035597620756
web scraping or web automation,2.176,0.7804778061957706
scala and spark related tasks,6.526,0.8318977369354827
manage your data related tasks sql etl csv json excel,2.176,0.7878466721525715
your python work scripts dataanalysis csv api,10.876,0.7882519690282914
python script to parse extract convert data csv json html xml,10.876,0.7429551564139516
implement all your data needs in aws and oracle cloud,1.088,0.7349300245465662
automation and build bots in python and selenium,2.176,0.7166193810905721
python program for web automation and bots,10.876,0.7909781851224409
scrap zillow in less than 24 hours using rest apis,6.526,0.7691706387241728
big data analytics in pyspark kafka sqs aws sagemaker,8.701,0.7727891041273091
a python script to parse extract convert data from csv xml json html txt,21.752,0.8293460727077775
help you big data spark hive hadoop nosql database,1.088,0.7691706387241728
build data pipeline with python cloud,7.613,0.7194911064004395
make any labview code or project,2.176,0.7972353293748541
a python script for fetching data from any api,4.351,0.7674609744596389
data scientist data engineer data analysis or visualization,5.438,0.6167757066627451
clean and transform dataset for data analysis and visualization,4.351,0.5809402158035948
aws data engineer,5.438,0.6752657952862129
custom scripts get data from pdf and webs automatically,15.226,0.6167757066627451
data engineering guy,1.088,0.40938389085035876
audit help or develop ssis and stored procedure in sql server,8.701,0.5234946419594957
analysis using r python and sas languages your tasks,6.526,0.5809402158035948
develop etl pipeline using azure data factory and databricks,3.263,0.40938389085035876
extract text from image file,4.351,0.40938389085035876
custom object detection and model training using yolov5,17.401,0.767709174000645
build apache airflow etl pipelines,2.176,0.6972068934358862
automate your google sheets drive gmail calendar,6.526,0.40938389085035876
data augmentation images,6.526,0.6418029522161849
use datafactory and databricks to solve your problems,3.263,0.5234946419594957
produce gps machine control model or earthwork takeoff,10.876,0.40938389085035876
integrate api with google sheets or docs using apps script,6.526,0.6605463339332744
advanced data analysis using r and python,8.701,0.8400849468920055
scrapping with scrapy python,2.176,0.6418029522161849
fastload tpt scripts bteqs and tdsql,3.263,0.8383581696817393
code powershell and python scripts with sql server,2.176,0.6907114621444218
etl elt based task with apache spark and python,10.876,0.40938389085035876
build end to end data integration pipelines,10.876,0.7817169347284559
data cleaning wrangling and organize your dataset using python,1.088,0.40938389085035876
get new sources and splunk troubleshooting,5.438,0.6167757066627451
pdf data extraction image ocr web scraping in python,10.876,0.8094691994786807
prepare alteryx workflows and excel sheets,5.438,0.6167757066627451
spark or pyspark programs for your etl,5.438,0.5234946419594957
data engineering data warehouse databases related project,5.438,0.40938389085035876
implement optimization methods for your research,2.176,0.5234946419594957
help in etl data transformation data pipelines,3.263,0.8383581696817393
your data science and machine learning models in python and r,21.752,0.40938389085035876
and build bots script automation and web scraping,1.088,0.7057001703361976
a sap gui automation script for you,5.438,0.40938389085035876
optimization of process parameter for your research,2.176,0.6077026272186125
connect any data source to bigquery,10.876,0.6167757066627451
data warehouse etl data extraction data visualization,1.088,0.5234946419594957
select engineering material for you using material selector,3.263,0.40938389085035876
migrate your prem data to aws cloud,10.876,0.40938389085035876
pfd professional pid from pfd autocad plant 3d or visio,2.176,0.6167757066627451
data analysis and visualization with r studio bi data studio,3.263,0.5234946419594957
develop data etl pipelines sql and data analytics,1.088,0.40938389085035876
accomplish any big data activities like etl analytical processing migrations,4.351,0.6167757066627451
help you with alteryx pandas sql and tableau for data cleansing and automation,3.263,0.7790719509500846
help you in data engineering in azure aws and gcp,10.876,0.40938389085035876
make your python work scripts data analysis csv api,1.088,0.5234946419594957
data etl and data orchestration workflow,10.876,0.5234946419594957
machine learning models for predictive analysis,10.876,0.40938389085035876
data integration etl job using talend,1.088,0.687228727350409
data lakehouse and data engineer with aws and azure,2.176,0.8267383660435077
data engineering pipeline using aws azure gcp spark,2.176,0.40938389085035876
develop and modify existing ssis packages,4.351,0.40938389085035876
develop etl pipelines in azuredatafactory synapse databricks snowflake python,7.613,0.6167757066627451
api data collection scripts in python,3.263,0.5809402158035948
machine learning data science and eda projects with python,6.526,0.8537775676752782
python programs for web scraping and web automation,4.351,0.5025548562811158
administrate and install your database and do data engineering,15.226,0.8329530956439273
bar bending schedule bbs,4.351,0.5900829808561056
schedule data extraction from bigquery and dump it into google drive,6.526,0.7429551564139516
data warehouse etl ssis ssrs ssas data visualization,5.438,0.6734841528034008
topographic map using surveys data,5.438,0.35207014613130855
python and machine learning projects,2.176,0.5809402158035948
data integration and implementation projects,21.752,0.8257217692865116
data integration pipelines using talend,2.176,0.5025548562811158
automate google sheets using apps script or python,5.438,0.7429551564139516
help you create apache airflow dags and etl pipelines using python and docker,5.438,0.8019827923533767
data science and etl pipeline development,13.051,0.5234946419594957
data cleaning data wrangling or visualization in python,8.701,0.8055660500455899
web scraping extraction and data collection,1.088,0.40938389085035876
help with data engineering pipelines in python and gcp,8.701,0.40938389085035876
use pyspark and datadricks in your etl pipeline,21.752,0.5234946419594957
data engineering pipeline using spark hive sql hbase,2.176,0.6044401925294902
nft collections from opensea data mining scraping floor price,6.526,0.38482085739933725
python web scraping and data extraction for any website,5.438,0.6167757066627451
historical web scraping and any python programming tasks,1.088,0.6418029522161849
integrate apis into excel google forms and sheets,10.876,0.7349300245465662
develop your data project in python,6.526,0.8537775676752782
roof measurements similar to eagle view,2.176,0.5234946419594957
use machine learning skills to modify gan for data synthesis,15.226,0.40938389085035876
data engineering pipeline using google cloud platform,10.876,0.8023888426535167
connect any api with google sheet,9.788,0.7867294286862891
be web scraping data from the target website,10.876,0.40938389085035876
web scraping automation with python,8.701,0.687228727350409
stock market data for 1 to 1000 tickers since ipo,2.176,0.40938389085035876
assist in engineering economics problems,4.351,0.3873860350500268
excel related work dashboards automation and vbas,1.088,0.40938389085035876
scrap ecommerce site for products and reviews,4.351,0.08187677817007176
any etl pipeline using azure data factory,21.752,0.8257217692865116
data analysis using spss and make a report,1.088,0.6167757066627451
eda features engineering and modeling in python,4.351,0.6167757066627451
business intelligence and data warehousing project,6.526,0.5809402158035948
anything related to ssis ssas ssms ssrs etl data viz,2.176,0.6605463339332744
big data analysis using pyspark databricks sql lambda and aws,4.351,0.7057001703361976
a webscraper or webcrawler for your data extraction needs in python,8.701,0.7843705829803926
web scraping data mining and data extraction,1.088,0.8117015350798469
solution for data related problems,2.176,0.8267383660435077
data analysis in pandas numpy seaborn and matplotlib,1.088,0.8117015350798469
develops etl using data stage ssis informatica,8.701,0.8400849468920055
web and window task automation,17.401,0.767709174000645
migrate data from source to cloud,10.876,0.7817169347284559
python programs for web scraping and automation,4.351,0.5900829808561056
help you with artificial intelligence,10.876,0.7817169347284559
whatever you need to make up with your data,1.088,0.8117015350798469
data science sql and machine learning solutions,1.088,0.8117015350798469
data integration etl job using talend,1.088,0.8117015350798469
scrape data from any website,4.351,0.40938389085035876
uml diagrams like class use case activity object sequence erd dfd diagrams,1.088,0.8117015350798469
code to load files to database tables,2.176,0.8267383660435077
a google apps script for sheet form drive,3.263,0.8383581696817393
data analysis by python sql and tableau,1.088,0.8117015350798469
data analysis and machine learning in python and excel,2.176,0.8267383660435077
build recurring api data collection tools,4.351,0.5900829808561056
data engineering development using python and pysaprk,8.701,0.8400849468920055
data cleaning data wrangling and visualization,1.088,0.8117015350798469
bulk export import data from csv excel text to database,6.526,0.8537775676752782
setup you channelengine api connection,2.176,0.8267383660435077
help you with any google sheet project,1.088,0.8117015350798469
help in industrial engineering projects articles designs,1.088,0.8117015350798469
big data analysis in pyspark and aws gcp azure cloud,3.263,0.8383581696817393
manage your data related tasks sql etl csv json excel,1.088,0.8117015350798469
set up your airbyte pipelines,21.752,0.8257217692865116
data analysis and website development,6.526,0.8537775676752782
help in calculus linear algebra numerical analysis geometry,1.088,0.8117015350798469
assist you in your omic data analysis,6.526,0.8537775676752782
develop ssis package to import a delimited file into a database table,8.701,0.8400849468920055
convert your etl or elt requirements into sql queries,3.263,0.8383581696817393
help you in data modelling etl data warehouse solutions,3.263,0.8383581696817393
help in calculus discrete math business math geometry ode,1.088,0.8117015350798469
plot 2d and 3d curves using matlab and debug matlab code,1.088,0.8117015350798469
be you azure architect databricks synapse power bi and py developer and support,8.701,0.8400849468920055
build your business etl pipelines to move data seamlessly,21.752,0.8257217692865116
and develope database projects queries er diagrams,5.438,0.5234946419594957
excel csv data cleaning using python,1.088,0.8117015350798469
develop qlik app and automated data loader for qlik apps,9.788,0.7747154418862047
your data integration and analytics,9.788,0.7747154418862047
bigquery queries for you,4.351,0.5900829808561056
collect targeted niche email list for email marketing in 24,1.088,0.8117015350798469
make it intelligenza artificiale,10.876,0.7817169347284559
help in operation research tasks,1.088,0.8117015350798469
real estate skip tracing and llc skip tracing in bulk,1.088,0.8117015350798469
aws data engineer,10.876,0.7817169347284559
data entry and be your virtual assistant,3.263,0.8383581696817393
assist you in linear algebra calculus discrete math ode pde,1.088,0.8117015350798469
help in ergonomic human factor and work study,1.088,0.8117015350798469
build data and etl pipeline,1.088,0.8117015350798469
help in statistical quality control tasks,1.088,0.8117015350798469
process the data and develop etl pipelines in python,2.176,0.8267383660435077
python scripts for data extraction,6.526,0.8537775676752782
perform data entry services data management services,3.263,0.8383581696817393
extract data from online platforms,2.176,0.8267383660435077
project management primavera p6,2.176,0.8267383660435077
azure data solution architecture,9.788,0.7747154418862047
extract data from zerodha kiteconnect using api,6.526,0.8537775676752782
help you in mathematics problems,3.263,0.8383581696817393
projects big data spark pyspark hadoop hive scala databricks ml,6.526,0.8537775676752782
integrate your machine learning models with apps,17.401,0.6605463339332744
big data solutions using hadoop spark hive etc,8.701,0.7194911064004395
the script which converts the google sheet into form,3.263,0.8383581696817393
clean or create visuals using your data in python,1.088,0.5234946419594957
your data science ml projects in rapid miner,2.176,0.8267383660435077
python scripts data parsing converting excel csv json txt,21.752,0.6289668931718613
advanced analytics and etl pyspark databricks adf delta lake,9.788,0.7747154418862047
build python projects and web automation projects,2.176,0.35207014613130855
data engineering related work for you,10.876,0.7817169347284559
google spreadsheets automation using python scripts,10.876,0.5234946419594957
convert your word pdf to word ppp exel,1.088,0.8117015350798469
cloud data engineer jobs,6.526,0.8537775676752782
assist you in arena simulation and simio tasks,1.088,0.8117015350798469
develop or optimize apache spark job,21.752,0.8257217692865116
any machine learning and deep learning project,13.051,0.40938389085035876
process clean and transform data,2.176,0.8267383660435077
data science analysis and machine learning in python,4.351,0.5900829808561056
a python script that will help you with your data analysis,1.088,0.8117015350798469
professionally automate your data from any to any form,8.701,0.8400849468920055
wonderful tools of scraping data by using scarpy and convert into json,21.752,0.8257217692865116
give you extraordinary orientation data sciences,4.351,0.5900829808561056
quantity estimation and billing for cost estimation,2.176,0.8267383660435077
complete azure data engineer course recording videos,4.351,0.5900829808561056
help to solve coding problems in scala spark bigdata,2.176,0.8267383660435077
offer services azure data engineering pyspark,2.176,0.8267383660435077
data simulation in aspen flow sheet production and economic estimations,1.088,0.8117015350798469
excel data entry form with database,2.176,0.8267383660435077
scrape websites and data analysis for you using python,6.526,0.8537775676752782
data cleaning and apply machine learning models in python,2.176,0.8267383660435077
web scraping data mining in 5 hours,1.088,0.8117015350798469
data entry typing data entry operator copy paste ms office to pdf converter,1.088,0.8117015350798469
promote your business through add posting,2.176,0.8267383660435077
help you in building optimized etl and data transformation logics,3.263,0.8383581696817393
math calculus numerical methods differential equation,2.176,0.8267383660435077
android or ios app scraping and crawling,5.438,0.8019827923533767
perform data cleaning preprocessing with python excel,2.176,0.8267383660435077
automate excel to work with any device and any operating system,14.139,0.7116576410436324
a python script to parse extract convert data,16.314,0.8439467302736793
automate or analyse using python aws sql docker etc,21.752,0.8257217692865116
excel formula automation programming to vanish your worries,1.088,0.8117015350798469
search international paid journal that you need,1.088,0.8117015350798469
any data etl pipeline or ingestion or modeling,4.351,0.5900829808561056
macros that integrate data across microsoft office,21.752,0.8257217692865116
work any data related tasks,6.526,0.8537775676752782
advance statistical analysis,1.088,0.6289668931718613
integrate your data with talend via etl process,10.876,0.5234946419594957
clean big data using python pandas and numpy,1.088,0.8117015350798469
eventbrite promotion flyers webinars promotion,2.176,0.8267383660435077
code pyspark pandas spark scala etl jobs for you,5.438,0.8019827923533767
extract data from any source for you,4.351,0.5900829808561056
any type of aws services,2.176,0.6605463339332744
review your resume and rewrite it to make it look professional,1.088,0.8117015350798469
etl development and transformations using odi 12c,1.088,0.8117015350798469
instagram promotion for instagram growth,3.263,0.8383581696817393
build a full microsoft access application for you,5.438,0.8019827923533767
unlock documents from scribd and give you the file,1.088,0.8117015350798469
you with the data desired,10.876,0.7817169347284559
an end to end data pipeline in aws,21.752,0.8257217692865116
clean and efficient sql queries and help figure out data solutions,2.176,0.8267383660435077
data scraping for websites,1.088,0.8117015350798469
python scripts for you,4.351,0.5900829808561056
python script data extraction json txt csv conversion api logs,1.088,0.8117015350798469
help you in etl through azure data factory databricks,1.088,0.8117015350798469
scrape data from medium website,2.176,0.8267383660435077
extract data from scanned pdf and images,1.088,0.8117015350798469
a python script to extract data from xml or json,8.701,0.8400849468920055
assist you in numerical methods pdes odes,2.176,0.8267383660435077
quality python data science projects in jupyter notebooks,4.351,0.5900829808561056
the material takeoff and cost estimation for all construction trades,3.263,0.8383581696817393
help you to integrate undrestand and explore your database,3.263,0.8383581696817393
your gitlab ci cd pipeline,8.701,0.8400849468920055
python work dataprocessing scripts datatransformation csv api etl,3.263,0.8383581696817393
transform data of all kinds,21.752,0.8257217692865116
web yellow pages scraper and google map data scraping,1.088,0.8117015350798469
perform data analysis using big data hadoop pyspark scala,6.526,0.6167757066627451
financial data scraping,1.088,0.40938389085035876
code python reusable web scraper bot data scraper,6.526,0.5234946419594957
generate and transform your data in 24hrs,1.088,0.8117015350798469
data pipelines with airflow,21.752,0.40938389085035876
perform any data transformation from any data source,4.351,0.5900829808561056
hive scala spark sql etl big data cloudera tasks,3.263,0.8383581696817393
develop jupyter notebook for python and data analysis,3.263,0.6167757066627451
civil engineering related data,6.526,0.5234946419594957
sql queries design oracle mysql postgresql informatica talend work,4.351,0.5900829808561056
data analysis machine learning in python r tableau power bi excel,5.438,0.8019827923533767
web scraper web scraping data extraction bots with python,2.176,0.8267383660435077
data engineering pipeline using azure cloud platform,2.176,0.8267383660435077
data transformation and integration with talend,1.088,0.8117015350798469
give solution of big data and data science task and machine learning,10.876,0.7817169347284559
web application using nodejs expressjs and mongo,5.438,0.8019827923533767
big data engineering and data warehouse related work,3.263,0.8383581696817393
program in matlab or help to process data or signals,1.088,0.8117015350798469
clean your data and get it into an unified format using python,5.438,0.8019827923533767
wordpress woocommerece data entry,2.176,0.8267383660435077
automate web tasks with python in 12hrs,6.526,0.8537775676752782
your dataset database in sql server,2.176,0.8267383660435077
construction estimation and preconstruction,21.752,0.8257217692865116
help you with pyspark databricks adf,7.613,0.8124186893906896
data cleaning data etl and visualization,10.876,0.7817169347284559
professional technical writing data science machine learning artificial,10.876,0.7817169347284559
program in matlab or help to process data or signals,1.088,0.8117015350798469
web scraping data engineering ml,10.876,0.7817169347284559
connect api with spreadsheet,5.438,0.8019827923533767
calculate earthwork quantities cut fill volume autocad civil 3d,2.176,0.8267383660435077
big data engineering and data warehouse related work,3.263,0.8383581696817393
sql queries optimizing queries and python development,2.176,0.8267383660435077
automate any processes with rpa bots,1.088,0.40938389085035876
clean your data and get it into an unified format using python,5.438,0.8019827923533767
mine scrape extract and clean data,5.438,0.8019827923533767
doing excel vba management application,1.088,0.8117015350798469
data engineer,16.314,0.8439467302736793
mechanical engineering work,21.752,0.8257217692865116
assist you in fleet management maintenance and repairs,1.088,0.8117015350798469
data warehouses and etl pipelines,4.351,0.5900829808561056
data engineering in python,10.876,0.7817169347284559
data cleaning data etl and visualization,10.876,0.7817169347284559
projects manage big data hadoop spark hive pyspark,2.176,0.8267383660435077
construction estimation and preconstruction,21.752,0.8257217692865116
your dataset database in sql server,2.176,0.8267383660435077
data manipulation using pandas python,5.438,0.6341244805759434
data analysis projects using power bi sql python excel,2.176,0.5809402158035948
use power automate or ssis to automate workflows and alerts,10.876,0.7817169347284559
data analysis visualization ml using rstudio,1.088,0.6605463339332744
race engineer,10.876,0.7817169347284559
big data analysis in python pyspark hive sql mapreduce etc,3.263,0.7555635241137366
automate web tasks with python in 12hrs,6.526,0.8537775676752782
machine learning spss stata r and python,2.176,0.8267383660435077
assist you in engineering economics and financial analysis,2.176,0.8267383660435077
your electrical power system analysis using etap,1.088,0.8117015350798469
wordpress woocommerece data entry,2.176,0.8267383660435077
data warehouses and etl pipelines,4.351,0.6167757066627451
data engineering pipeline using azure cloud platform,2.176,0.8267383660435077
data transformation and integration with talend,1.088,0.8117015350798469
give solution of big data and data science task and machine learning,10.876,0.7817169347284559
help you with pyspark databricks adf,7.613,0.8124186893906896
web scraper web scraping data extraction bots with python,2.176,0.8267383660435077
experienced in computing app i will creates,9.788,0.7747154418862047
scrape data and clean the datasets,2.176,0.8267383660435077
data etl with pig hive mapreduce and spark,6.526,0.8537775676752782
web scraping data mining data extraction from any website or api,1.088,0.5234946419594957
etl with ssis and azure,21.752,0.8257217692865116
develop system administration in your organization,1.088,0.40938389085035876
develop data engineering devops mlops applications for you,1.088,0.687228727350409
data mining waka classification decision tree,1.088,0.8117015350798469
sap bw hana abap sap analytics cloud implementation,21.752,0.8257217692865116
gonna help you build your data pipelines,21.752,0.8257217692865116
any etl task in spark scala pyspark databricks,2.176,0.40938389085035876
gonna help you build your data pipelines,21.752,0.8257217692865116
any etl task in spark scala pyspark databricks,2.176,0.40938389085035876
the best service in word excel formula automation,1.088,0.6167757066627451
etl with ssis and azure,21.752,0.8257217692865116
prepare the data pipeline,1.088,0.8117015350798469
transcribe your text into audio video with voice over,1.088,0.8117015350798469
data analysis entry and python automation,10.876,0.7817169347284559
etl data warehousing sql python ml,10.876,0.7817169347284559
python programs for data scrapping and automation,1.088,0.8117015350798469
elasticsearch sizing and design,8.701,0.8400849468920055
exploratory data analysis feature engineering using pandas numpy matplotlib,1.088,0.8117015350798469
and build dbt models for data transformation,1.088,0.8117015350798469
machine learning data science data analysis visualization project in python,1.088,0.8117015350798469
sql queries design database models and erds,3.263,0.8383581696817393
azure cloud administrator,10.876,0.7817169347284559
big data and statistical data analysis using spark datascience python,4.351,0.5900829808561056
set up an elasticsearch cluster and transfer your data,2.176,0.8267383660435077
a custom tableau web data connector,21.752,0.8257217692865116
big data projects,2.176,0.8267383660435077
give virtual assistant services for data entry web research,2.176,0.8267383660435077
any machine learning task,2.176,0.8267383660435077
engineer your data based your needs,10.876,0.7817169347284559
data engineer,2.176,0.8267383660435077
publish crypto press release coins press release blockchain press release,3.263,0.8383581696817393
code aws lambda functions amazon aws,1.088,0.5809402158035948
data analysis machine learning deep learning computer vision projects python,17.401,0.767709174000645
use vba and others to automate processes,2.176,0.8267383660435077
assist you in algebra calculus business math and statistics,1.088,0.8117015350798469
web scraping data mining and data collection for any websites,2.176,0.8267383660435077
data scrapping by creating an automated bot using python,6.526,0.8537775676752782
ssis optimized solutions,1.088,0.8117015350798469
data extraction csv json xml xls using python script,10.876,0.7817169347284559
assist you in data analysis tasks,15.226,0.8329530956439273
an alteryx workflow for you,10.876,0.7817169347284559
configure and install hadoop and big data services,3.263,0.38482085739933725
convert images into text every format,1.088,0.8117015350798469
setup your data warehouse in big query setup,15.226,0.8329530956439273
data entry and autocad jobs,1.088,0.8117015350798469
data engineering for model building,21.752,0.8257217692865116
data preparation for analysis and visualization,7.613,0.8124186893906896
help you with pyspark databricks adf,9.788,0.7747154418862047
assist you with tasks related to autocad drafting and 2d floor plans,2.176,0.8267383660435077
perform data cleaning for data analysis sql and sheets,1.088,0.8117015350798469
aws data engineer,1.088,0.8117015350798469
microsft excel related work,2.176,0.8267383660435077
design best pubg gaming and disgin,1.088,0.8117015350798469
want to make profitable your google adword ppc campaigns,11.964,0.7144028867632759
automate websites or other processes using python selenium,6.526,0.40938389085035876
fix data in elasticsearch,7.613,0.40938389085035876
networking cyber security risk assessment and vulnerability assessment tasks,1.088,0.8117015350798469
etl development processing,2.176,0.8267383660435077
web scraping and web automation using python,4.351,0.6418029522161849
machine learning data science and python projects,2.176,0.5234946419594957
build or modify your ssis packages,6.526,0.8537775676752782
use python for data merge and automate data files and analyze data,2.176,0.8267383660435077
sql query database data analysis software design,1.088,0.6605463339332744
develop your apache flink pipelines and jobs,10.876,0.7817169347284559
data entry web research excel lead generation virtual assistant,1.088,0.5809402158035948
data migrations to cloud platforms like google bigquery,4.351,0.6167757066627451
resolve big data spark hadoop kafka hive problem for you,10.876,0.6734841528034008
data migration etl from source to bigquery,2.176,0.40938389085035876
database etl warehouse sql nosql bi and dashboard reports,1.088,0.6167757066627451
implement nifi hdfs spark grafana kubernetes,1.088,0.8117015350798469
big data automation and build bots in python,3.263,0.40938389085035876
web scrape automate and analyse data and web processes,5.438,0.8019827923533767
google sheets and drive api tasks,10.876,0.6167757066627451
solution for talend etl,1.088,0.8117015350798469
automate your powerapp powerbi or sql with python bots,5.438,0.40938389085035876
artificial intelligence project for you,10.876,0.5809402158035948
pyspark coding in databricks,4.351,0.6418029522161849
data extraction conversion and parsing of xml json txt csv logs using python,21.752,0.8257217692865116
your etl pipeline,10.876,0.7817169347284559
machine learning data science data analysis data mining project in python,2.176,0.40938389085035876
scrape data for your project,10.876,0.40938389085035876
data engineering tasks for you,1.088,0.8117015350798469
services in autocad revit primavera structure analysis,1.088,0.8117015350798469
help you to analyze and monitor azure data factory,3.263,0.8383581696817393
automated scripts and build data pipelines for creating insightful report,10.876,0.7817169347284559
help you in etl databases big data spark and python,1.088,0.8117015350798469
professional excel formula dashboard draphs automation with vba macro,2.176,0.8267383660435077
python web scraping and task automation,2.176,0.8267383660435077
draft and plot in auto cad civil3d for roads and water works,10.876,0.7817169347284559
data analysis data visualization data scraping create data framework,2.176,0.8267383660435077
python projects for you,1.088,0.5234946419594957
help in learning big data,2.176,0.8267383660435077
data engineering coding python sql and gcp,1.088,0.8117015350798469
gathering your data from web scraping csv xml json and data base using python,2.176,0.8267383660435077
edit and convert pdf to word or jpg scanned pdf to word editable,2.176,0.8267383660435077
data engineering coding python sql and gcp,1.088,0.8117015350798469
help in learning big data,2.176,0.8267383660435077
help you with your project using scalable and maintainable solutions,4.351,0.5900829808561056
python script for data analysis or scraping,2.176,0.8267383660435077
bash shell python numpy pandas opencv scikit learn assignments projects,2.176,0.40938389085035876
python projects for you,1.088,0.5234946419594957
data entry copy paste virtual assistant data mining,1.088,0.8117015350798469
help building big data etl pipelines,2.176,0.8267383660435077
pro quality articles and blog content,1.088,0.8117015350798469
a python script,4.351,0.5900829808561056
data integration and etl solutions to my clients,2.176,0.8267383660435077
help you to build a dataset of images about any topic,1.088,0.8117015350798469
data entry mining analyzing and graphing,1.088,0.8117015350798469
prepare process and instrumentation diagrams,2.176,0.8267383660435077
help you with pandas and sql,2.176,0.8267383660435077
python spark pandas numpy beautifulsoup and matplotlib,6.526,0.8537775676752782
help you write sql queries dbt postgres redshift,2.176,0.8267383660435077
and manage a data warehouse,4.351,0.5900829808561056
projects in data engineering,3.263,0.8383581696817393
data entry logo design copy paste presentation photo edit,2.176,0.8267383660435077
data engineering a virtual assistant,21.752,0.40938389085035876
help with electrical electronics engineering and matlab,2.176,0.8267383660435077
perform etl process your postgressql data,3.263,0.8383581696817393
web scraping using python and scrapy,10.876,0.7817169347284559
automatic excel reports,1.088,0.8117015350798469
enable you to take data driven decisions,5.438,0.8019827923533767
generate data files from your data like nft json service,17.401,0.7057001703361976
extract transform and load your data,2.176,0.6167757066627451
etl process your mysql sqllite data,2.176,0.6167757066627451
help you with informatica etl development,4.351,0.40938389085035876
and automate the azure data pipelines,3.263,0.8383581696817393
big data solutions using hadoop pyspark hive etc,3.263,0.40938389085035876
enter data in best way 1,2.176,0.8267383660435077
big data analytics using apache spark,6.526,0.5809402158035948
help you write and optimize queries in sql,1.088,0.5809402158035948
data engineering using aws and python,4.351,0.40938389085035876
data cleaning using python pandas,1.088,0.8117015350798469
help you with teradata developer activities,4.351,0.5234946419594957
you any data engineering service,8.701,0.6167757066627451
snowflake database query writing,1.088,0.8117015350798469
sql for db2 mysql hive couch base,1.088,0.8117015350798469
professional quantity surveyor,3.263,0.8383581696817393
categorization or classification of your image text video data,2.176,0.5234946419594957
make dashboard for iot,1.088,0.6605463339332744
surveying problems and assignments,2.176,0.40938389085035876
totally change the way you think about data helping you with power query,3.263,0.8383581696817393
build data engineering pipelines,10.876,0.5234946419594957
data tasks include scala and spark and related etl,3.263,0.8383581696817393
web scrapping and help you get and process your data,13.051,0.7194911064004395
web scraping for you,1.088,0.8117015350798469
speech recognition system,21.752,0.8257217692865116
automate your any task in excel by using excel vba macros,1.088,0.8117015350798469
work the data extraction transformation and loading using aws azure service,2.176,0.8267383660435077
etl and data engineering jobs,4.351,0.5900829808561056
personal fba amazon virtual assistant amazon ppc,1.088,0.8117015350798469
tech partner and bigdata developer,4.351,0.5900829808561056
linkedin resume business resume redesign analytics job hunting resume,6.526,0.8537775676752782
data entry work typing image pdf into word excel,1.088,0.8117015350798469
connect with sports data and find live data to integrate for whatever use,6.526,0.8537775676752782
any work that you need related with data,10.876,0.7817169347284559
pipeline in azure data factory and program in python,6.526,0.8537775676752782
detailed cost estimation and quantity takeoff,1.088,0.8117015350798469
develop python programs to extract and process data from excel files,16.314,0.8439467302736793
a full analysis of your data,2.176,0.8267383660435077
data entry typing work in excel spreadsheet,4.351,0.5900829808561056
data science python jobs,2.176,0.8267383660435077
setup data pipe line in between gcp aws azure,5.438,0.8019827923533767
data engineering using python sql and aws,8.701,0.8400849468920055
your data warehouse design and etl and dashboards,21.752,0.8257217692865116
automate your data process with google sheets or python,2.176,0.8267383660435077
extract transform load data with python,21.752,0.8257217692865116
make proper excel data base and create reports,11.964,0.7144028867632759
extract your company technical data transfrom and validate,3.263,0.8383581696817393
assists you in machine learning with matlab,9.788,0.7747154418862047
clean split merge or organize your databases with python or r,4.351,0.5900829808561056
fix migrate analyze predict your data,4.351,0.5900829808561056
help in solutions with database etl visualizationand webscrapping,2.176,0.8267383660435077
real estate design according to the property architecture,10.876,0.7817169347284559
analyze your data i am good at data science,2.176,0.8267383660435077
build apache airflow etl pipelines and schedule workflows,2.176,0.8267383660435077
databricks etl task for you and create dashboards,3.263,0.8383581696817393
optimize your airtable base for reporting,8.701,0.8400849468920055
scrape any website with python,10.876,0.7817169347284559
data analysis customize big data,10.876,0.7817169347284559
implement in matlab optimization methods for your research,2.176,0.8267383660435077
accurate data entry,1.088,0.8117015350798469
python web scraping script,2.176,0.8267383660435077
web scraping and data mining from webpages,1.088,0.8117015350798469
python scripting debug your script and data extraction,10.876,0.7817169347284559
databricks etl task for you and create dashboards,3.263,0.8383581696817393
clean and pre process your data,1.088,0.8117015350798469
targeted telegram bulk dm pm mass message marketing and promotion camp,4.351,0.5900829808561056
build apache airflow etl pipelines and schedule workflows,2.176,0.8267383660435077
data exploratory analysis using python r language,2.176,0.8267383660435077
any machine learning and deep learning project,8.701,0.8400849468920055
analyze your speech and audio data,2.176,0.8267383660435077
develop calculated excel sheets,10.876,0.7817169347284559
develop data etl pipelines analytics and reporting solutions,10.876,0.5234946419594957
api data development integration extract scraping hadoop talend,10.876,0.7817169347284559
nitro pdf editor adobe acrobat services,2.176,0.8267383660435077
data engineering pipeline using google cloud platform,3.263,0.40938389085035876
fetch instagram profile followers posts and likes,2.176,0.8267383660435077
data analysis data visualization and machine learning,2.176,0.8267383660435077
your python programs and script,1.088,0.5234946419594957
cloud solutions to you,4.351,0.5900829808561056
business intelligence consultant,6.526,0.8537775676752782
build your trading bot in python,4.351,0.40938389085035876
database with the integration of web api,1.088,0.5809402158035948
etl work for you using microsoft tools,2.176,0.40938389085035876
apache spark projects,4.351,0.5234946419594957
help you with python pandas tasks numpy tasks and jupyter notebooks,3.263,0.8383581696817393
help with aws migration and cloud data lake,3.263,0.8383581696817393
setup rivery to extract and transform data,10.876,0.7817169347284559
develop and design your databases oracle ms access,2.176,0.8267383660435077
an excel macro with vba interface,4.351,0.5900829808561056
work data engineer,2.176,0.8267383660435077
python web scraping writing automated scripts,8.701,0.8400849468920055
help you in quality control subject problems,1.088,0.8117015350798469
treat your project mine for splendid service try,4.351,0.5900829808561056
data pipelines using matillion etl tool,4.351,0.5900829808561056
complex sql for big data analytics,3.263,0.8383581696817393
etl process and make data warehouse and visualization,2.176,0.8267383660435077
automate business tasks and web scraping,6.526,0.8537775676752782
data integration etl job using talend,1.088,0.8117015350798469
automate google sheets with apps script or python,1.088,0.8117015350798469
circuit network theory expert,1.088,0.8117015350798469
data cleaning data wrangling or data visualization in python,1.088,0.8117015350798469
data integration etl job using talend,1.088,0.8117015350798469
data cleaning munging transformation and visualization,7.613,0.8124186893906896
r programming rstudio projects,2.176,0.8267383660435077
analyze clean transform add skews and modify your data,4.351,0.5900829808561056
boqs escalations takeoff quantity,2.176,0.8267383660435077
your research spss,1.088,0.8117015350798469
help with spark and scala,3.263,0.8383581696817393
find the market data you need,10.876,0.7817169347284559
python scripts data parsing converting excel csv json txt,10.876,0.7817169347284559
migrate your data into snowflake,21.752,0.40938389085035876
install sql server 2019,6.526,0.8537775676752782
data science statistical and regression analysis python,2.176,0.8267383660435077
and develop big data solutions,13.051,0.7194911064004395
sql and python for data analysis,4.351,0.5900829808561056
help clean transform store and etl huge data using apache spark in databricks,3.263,0.8383581696817393
export your filemaker data properly to excel,3.263,0.8383581696817393
develop data pipelines for your business,21.752,0.8257217692865116
data analysis with visualization,1.088,0.8117015350798469
make any type of road cross section takeoff quantity,2.176,0.8267383660435077
assignments in industrial engineering fields,3.263,0.8383581696817393
scalable etl big data pipelines with python cloud,8.701,0.713048267717348
teach you excel features and functions,7.613,0.8124186893906896
data engineer big data data warehouse data mining api integration etl,10.876,0.7817169347284559
services of ssis,8.701,0.8400849468920055
quick and bulk skip tracing services,2.176,0.8267383660435077
extract and scrape data from any website for you,4.351,0.5900829808561056
any task with pyspark or spark,2.176,0.8267383660435077
build and design end to end etl data pipeline using python,6.526,0.8537775676752782
research oriented technical writing data science,1.088,0.38482085739933725
be best at data analysis and data management,4.351,0.5900829808561056
help you with google cloud function gcp,2.176,0.8267383660435077
data engineering analytics projects across technologies,5.438,0.5234946419594957
big data with hadoop kafka spark pandas,10.876,0.5809402158035948
help setup and build dbt models for data transformation,8.701,0.5234946419594957
automate data pipelines using azure data factory,8.701,0.8400849468920055
deliver data testing services or consultancy,8.701,0.8400849468920055
connect your google analytics to bigquery,2.176,0.8267383660435077
help you with big query gcp postgresql queries,9.788,0.7747154418862047
etl pipeline with airflow,8.701,0.6167757066627451
missing data handling using python,2.176,0.40938389085035876
big data analysis with pyspark mlib sql and kafka,5.438,0.8019827923533767
13600 google map pin point for gmb map ranking,1.088,0.8117015350798469
sql queries for your business logics and analytics,5.438,0.8019827923533767
the services of presentation and video lectures,2.176,0.40938389085035876
load flow short circuit analysis and design using etap,1.088,0.5809402158035948
web scraping crawling using scrapy bs4 selenium,16.314,0.7843705829803926
web scraping and data mining from any website,6.526,0.7194911064004395
pv solar system and do the estimation and all the required design,2.176,0.40938389085035876
data extraction from pdf scanned image to csv excel db,4.351,0.5900829808561056
machine learning projects and thesis work,21.752,0.40938389085035876
in excel any task from formulas to full comm even with new webprocesses 24h,2.176,0.8267383660435077
services in databases data warehousing and data engineering pipelines,2.176,0.8267383660435077
solve your data problems using apache spark,1.088,0.8117015350798469
help you with alteryx,6.526,0.8537775676752782
excellent quantity surveying schedules and repots,1.088,0.8117015350798469
spark and data engineering pipeline related tasks,2.176,0.8267383660435077
we do data engineering visualization and data warehousing,6.526,0.8537775676752782
guest post high da guest post guest post tech,6.526,0.8537775676752782
perform data conversion extraction using python spark airflow,4.351,0.5900829808561056
amazon dropshipping service for you,2.176,0.8267383660435077
help you with any kind of machine learning related project,16.314,0.8439467302736793
big data analytics in spark scala and hive,3.263,0.8383581696817393
scala and spark related tasks,1.088,0.8117015350798469
solve reports and assignments for all grades,1.088,0.8117015350798469
data extration from websites into csv excel etc,4.351,0.5900829808561056
build etl pipeline with talent airflow ssis nifi pyspark scala,2.176,0.8267383660435077
data cleaning data wrangling or visualization in python,6.526,0.8537775676752782
service in excel macros vba formulas and report,13.051,0.7194911064004395
computer vision machine learning research projects,9.788,0.7747154418862047
data cleaning and visualization your messy data,1.088,0.8117015350798469
data scientist analyst and machine learning expert,6.526,0.8537775676752782
excel spreadsheet expert,4.351,0.5900829808561056
mine or extract the data you will request,1.088,0.8117015350798469
data processing in your bigquery account,10.876,0.7817169347284559
content writer and article writer,1.088,0.8117015350798469
solve your excel file problems,1.088,0.8117015350798469
etl data loading and create mapping informatica,3.263,0.8383581696817393
satisfy all your data pipeline and etl needs like parse extract convert data,8.701,0.8400849468920055
and develop erd eer database and schema normalization sql query,3.263,0.8383581696817393
data mining using weka,10.876,0.7817169347284559
offer help in etl process datwarehouse modelling data engineering,4.351,0.5900829808561056
expert excel formula dashboard graphs automation with vba macro,4.351,0.5900829808561056
and develop erd eer database and schema normalization sql query,3.263,0.8383581696817393
automate your data loading,21.752,0.8257217692865116
etl pipeline or do data processing,4.351,0.5900829808561056
help you in thermodynamics heat transfer and fluid mechanics,1.088,0.8117015350798469
expert excel formula dashboard graphs automation with vba macro,4.351,0.5900829808561056
data mining using weka,10.876,0.7817169347284559
handle data analysis using python,3.263,0.8383581696817393
r codes and interpret outputs well complete reports,1.088,0.8117015350798469
etl and data pipelines and scheduling with airflow,2.176,0.8267383660435077
quick analysis make excel sheet dash board for farmer,4.351,0.40938389085035876
solutions for data engineering problems using hadoop and spark ecosystem,8.701,0.8400849468920055
offer help in etl process datwarehouse modelling data engineering,4.351,0.5900829808561056
a python script for a large csv,2.176,0.40938389085035876
data warehouses and data visualization,3.263,0.40938389085035876
azure data factory pipeline to do etl transformations,20.664,0.5809402158035948
data engineering solutions,21.752,0.5460838028553792
elasticsearch elasticstack kibana logstash,10.876,0.40938389085035876
doing work siemens plc s7 300 400 tia portal 1300 sada hmi,5.438,0.8019827923533767
data engineering work,3.263,0.40938389085035876
web scraping online news article website or other sites,1.088,0.6418029522161849
a sql statement for your,4.351,0.5234946419594957
automate web tasks using python and selenium,9.788,0.7747154418862047
develop data warehouse ssis etl ssrs data visualization,5.438,0.40938389085035876
data automation scripts and bot creation,4.351,0.40938389085035876
data engineering work,3.263,0.40938389085035876
complex calculation in mathcad,1.088,0.8117015350798469
web scraping and data mining service,1.088,0.8117015350798469
automate aws ci cd continuous implementation and delivery pipelines,2.176,0.8267383660435077
data engineering in azure using python,21.752,0.6044401925294902
data science projects using scala and spark,2.176,0.8267383660435077
a reports progress payment doc production follow formations excel,5.438,0.8019827923533767
data science and visualization using python,2.176,0.8267383660435077
project related strength of materials and material engineering,2.176,0.8267383660435077
all data engineering stuff that you need,5.438,0.8019827923533767
be creating a solve blocks using mathcad,1.088,0.8117015350798469
data science machine learning tasks in python,3.263,0.8383581696817393
code fix problem and automate your task,8.701,0.730227948470436
a machine learning model for you,1.088,0.8117015350798469
architect end to end data pipelines,6.526,0.8537775676752782
build etl pipeline using premise or cloud resources,4.351,0.5900829808561056
data engineering google cloud gcp,3.263,0.8383581696817393
be creating a solve blocks using mathcad,1.088,0.8117015350798469
develop scalable data pipeline,21.752,0.8257217692865116
data augmentation images,2.176,0.8267383660435077
data science machine learning tasks in python,3.263,0.8383581696817393
etl data modeling pipelines data warehouse,4.351,0.5900829808561056
sql queries optimize queries and analyze data,3.263,0.8383581696817393
database administration for sql server oracle mysql,5.438,0.8019827923533767
use machine learning skills to modify gan for data synthesis,15.226,0.8329530956439273
make professional excel and google sheets,4.351,0.5900829808561056
matlab work now,10.876,0.7817169347284559
solve any type of excel issue using macros formulas or vba,2.176,0.8267383660435077
your mathcad calculation,1.088,0.8117015350798469
help you with anything in microsoft excel,8.701,0.8400849468920055
very advanced commands,1.088,0.8117015350798469
data analysis using machine learning techniques,4.351,0.5900829808561056
help with big data technologies,6.526,0.8537775676752782
your point clouds comparison and change detection,6.526,0.8537775676752782
data entry plot graphs charts cost estimate in 24 hrs,1.088,0.8117015350798469
your sql database,6.526,0.8537775676752782
data cleaning data wrangling or visualization in python,2.176,0.8267383660435077
develop etl pipelines using azure cloud platform,21.752,0.8257217692865116
automatic custom web scraping into google sheets or csv,1.088,0.8117015350798469
2d and 3d cfd analysis ansys fluent,4.351,0.5900829808561056
help to solve your data migration problems,7.613,0.8124186893906896
perform the etl process and generate the reports,1.088,0.8117015350798469
integrals derivatives calculus factors in mathcad,1.088,0.8117015350798469
assists you in control systems tasks,1.088,0.8117015350798469
save time and money using the google cloud platform,4.351,0.5234946419594957
data analysis etl big data sql power bi pyspark report,1.088,0.40938389085035876
update or fix your talend jobs,1.088,0.8117015350798469
api integration with google sheet using app script,10.876,0.6987873023630011
web scraping data mining and data collection for any websites,2.176,0.6418029522161849
scrape products from ecommerce stores,1.088,0.6605463339332744
data cleaning data wrangling or visualization in azure,21.752,0.8257217692865116
any data related activity modification automation rental service management,5.438,0.6605463339332744
informatica etl development and support,10.876,0.7817169347284559
assist you with blockchain space,21.752,0.8257217692865116
microsoft word document formatting design edit,3.263,0.5809402158035948
develop python data extractor for web xml pdfs images and apis,21.752,0.40938389085035876
python script data extraction json txt csv conversion api logs,2.176,0.6167757066627451
data engineering and etl jobs,4.351,0.40938389085035876
computer vision tensorflow pytorch and android apps with yolo,8.701,0.40938389085035876
realize any type of geological map you need plus any data type interpolation,10.876,0.7817169347284559
web scrapping and data extraction,1.088,0.8117015350798469
data engineering and etl gigs,21.752,0.8257217692865116
virtual assistant in simulating co2 sequestration,2.176,0.8267383660435077
develop python data extractor for web xml pdfs images and apis,21.752,0.40938389085035876
web scraping crawling visualization and data mining with python,6.526,0.8537775676752782
assist in probability and statistic calculus and applied math,2.176,0.8267383660435077
web scraping and data mining from any website in python,2.176,0.8267383660435077
a machine learning project for arizona state university,10.876,0.7817169347284559
floating solar pv design and technical analysis,10.876,0.7817169347284559
convert your legacy sas code into modern spark code,1.088,0.8117015350798469
all teradata relevant tasks tpt bteqs,4.351,0.5900829808561056
fastest data scraping data mining data extraction,1.088,0.8117015350798469
debug create or analyse anything for you in python,2.176,0.8267383660435077
help you in data engineering using aws,10.876,0.7817169347284559
data engineering jobs,1.088,0.8117015350798469
build data engineering pipeline using google cloud platform,4.351,0.5900829808561056
chemical engineering projects and problems assistant,1.088,0.8117015350798469
build your custom excel spreadsheet,21.752,0.8257217692865116
your network or data security expert,2.176,0.8267383660435077
automate custom and daily tasks,2.176,0.8267383660435077
python script to parse extract convert data csv json html xml,5.438,0.8019827923533767
automate web scraping and web crawling in python,8.701,0.8400849468920055
operations research linear programming and related projects,3.263,0.8383581696817393
develop a secure rest api,16.314,0.8439467302736793
snowflake cloud warehouse,10.876,0.7817169347284559
remote sensing and gis mapping task,4.351,0.5900829808561056
become your the go data analyst,10.876,0.7817169347284559
a script to parse extract or transform data xml json csv,4.351,0.5900829808561056
resposnsive google form cognito form jot form surveys monkey,2.176,0.8267383660435077
alteryx workflow and reports,4.351,0.5900829808561056
data wrangling cleaning notebook tasks 4 you with python pandas,10.876,0.7817169347284559
mine data from websites,1.088,0.8117015350798469
data warehousing in dbt,3.263,0.8383581696817393
make python script to parse extract convert data from csv xml json html txt,3.263,0.8383581696817393
file and report automations using python,5.438,0.8019827923533767
projects related to data engineering etls,21.752,0.8257217692865116
data pipelines using dbt data build tool,6.526,0.8537775676752782
build data pipelines using google cloud platform gcp,8.701,0.8400849468920055
etl process through ssis and perform administration,10.876,0.7817169347284559
etlpipeline along with data warehousing and data modeling,4.351,0.5900829808561056
web scraping and data extraction,1.088,0.8117015350798469
professional oracle database for you,1.088,0.40938389085035876
data integration etl job pipeline using talend,1.088,0.8117015350798469
solve your sql query problems and sql task,3.263,0.8383581696817393
data manipulation data analysis in ms excel,3.263,0.8383581696817393
data cleaning visualization and wrangling using python,1.088,0.8117015350798469
serve big data projects pyspark python spark and scala,1.088,0.5809402158035948
all tasks for informatica and further more,3.263,0.8383581696817393
web scraping data mining data extraction from any website,2.176,0.8267383660435077
convert your important data from image to text and deliver in original format,1.088,0.8117015350798469
a python machine learning project with data and feature engineering,1.088,0.8117015350798469
data cleaning wrangling and visualization,2.176,0.8267383660435077
data engineer work,5.438,0.8019827923533767
the best with my expertise in etl,3.263,0.8383581696817393
accelerate your data migration using azure to optimize your business,10.876,0.7817169347284559
3d modelling solidworks and further requirements,1.088,0.8117015350798469
help with hadoop spark hive and big data projects,2.176,0.6167757066627451
data engineering and etl jobs,21.752,0.7651532812676322
anything related to tsql data warehouse ssis etl and bi,4.351,0.7349173958651462
excel help vba dynamic chart pivot table,5.438,0.40938389085035876
bash shell perl python script,4.351,0.7365278268369344
mappings in informatica etl tool,3.263,0.5234946419594957
provid efficient and optimize solutions for data pipeline,8.701,0.8400849468920055
work talend etl,3.263,0.8383581696817393
data cleaning and data wrangling for visualization,4.351,0.5900829808561056
object detection classification segmentation pose estimation,10.876,0.6418029522161849
develop data engineering applications,2.176,0.8267383660435077
etl pipelines using adf azure databricks and pyspark for data migration,10.876,0.5809402158035948
help you in quality control and control chart tasks,1.088,0.6167757066627451
connect rest api with azure data factory,10.876,0.7817169347284559
data science and machine learning project,11.964,0.5234946419594957
any type of aws services,1.088,0.8117015350798469
and design databases layer,4.351,0.5900829808561056
automate google sheets form docs gmail invoice quote using apps script,6.526,0.7790719509500846
data wrangling data preprocessing and data visualization,10.876,0.40938389085035876
data engineer and etl pipeline developer,2.176,0.40938389085035876
big data pyspark machine learning and data analysis with python,10.876,0.6619318178884043
your industrial engineering projects designs,3.263,0.7226419398626543
script for data scraping automation,4.351,0.5809402158035948
excel master with custom formulas,1.088,0.7527520206902649
data entry excel formula for you,2.176,0.40938389085035876
solve dbms data structure analysis of algorithm cpp programming tasks,13.051,0.40938389085035876
data and automation workflows,10.876,0.6752657952862129
web scraping and email scrap from any website,3.263,0.8383581696817393
data analysis tableau dbt power bi data engineering,8.701,0.40938389085035876
database in sql server mysql sql lite erd queries,2.176,0.8267383660435077
elasticsearch kibana and logstash,8.701,0.8400849468920055
django restful api integration and api development,6.526,0.40938389085035876
blast email spam sms bulk sms text message bulk email to any targeted country,8.701,0.8400849468920055
make your data clean and suitable for ml algorithm,2.176,0.8267383660435077
web automation and build bots in python using selenium,3.263,0.6845263370086541
pyspark analysis and airflow etl pipeline,4.351,0.6987873023630011
tik tok promotion superfast tiktok growth tiktok video boost tiktok growth,2.176,0.8267383660435077
prepare flight plans generate dsm dem dtm orthomosaics and image analysis,10.876,0.7817169347284559
web scraping using python,11.964,0.7144028867632759
data processing data collection typing and web research,1.088,0.8117015350798469
tag annotate and label all those images to bring to life,1.088,0.8322948086010398
machine learning python projects,3.263,0.6459950037093845
image annotation segmentation bounding box and all data labeling for,1.088,0.8030541357798862
data analysis in python using google colab,5.438,0.8030541357798862
data science dl and ml tasks,6.526,0.7947118179355073
machine learning data science projects in python,5.438,0.7760727410295211
face recognition object detection and segmentation,10.876,0.6832627555671685
precisely annotate images videos and maps for your model,1.088,0.8212728186732327
data science machine learning data mining python,17.401,0.687228727350409
coach you in gorilla tag,1.088,0.6864974989495592
deep machine learning computer vision in python and r,5.438,0.7057001703361976
customized deep learning projects,13.051,0.5809402158035948
make computer vision deep and machine learning python projects,5.438,0.7710253578120682
machine learning and deep learning python projects,21.752,0.8229926753462572
statistical analysis and modeling using spss r python stata sas and excel,5.438,0.7661904765402587
any computer vision and image processing nlp tasks,10.876,0.7194911064004395
image processing in opencv computer vision and deep learning in python,17.401,0.7849887728640467
your machine learning and deep learning tasks,21.752,0.7497329822074006
python numpy pandas scikit learn matplotlib and seaborn,10.876,0.790036400483458
annotate images nlp bounding box ner all data labeling for ml training,1.088,0.8170477845049933
machine learning python projects,17.401,0.7429551564139516
your opencv and python projects,17.401,0.836225199803302
machine learning and data science projects in python,17.401,0.7157101584793277
to image processing and computer using opencv python,17.401,0.7202314240556349
machine learning deep learning image processing in python,10.876,0.793820707714664
artificial intelligence machine deep learning data science computer vision,17.401,0.7727891041273091
give you end to end machine learning solutions,21.752,0.6605463339332744
data science and machine learning in rstudio r programming,10.876,0.7899689205030757
deep learning machine learning data mining cv projects,10.876,0.7691706387241728
statistical data analysis visualizations using r rstudio,2.176,0.7878466721525715
deep learning and neural network model in tensorflow,4.351,0.7761163276835715
assist you in probability and statistics,1.088,0.7691706387241728
data science projects in python,5.438,0.6972068934358862
projects or tasks in python math statistics jupyter numpy pandas matplotlib,13.051,0.7889257629656462
natural language processing nlp and text analysis,21.752,0.7988045737769698
artificial intelligence machine learning deep learning,4.351,0.7855716133119172
social network analysis tasks in python networkx gephi,7.613,0.763490511931083
help you with any machine learning project,17.401,0.7349300245465662
help in machine learning and data analysis in rstudio r,4.351,0.8171357113883647
data analysis and science with jupyter notebooks in python,7.613,0.8487856300509238
bounding box data image annotation tagging labeling for object detection,1.088,0.8037038940366039
machine deep learning nlp and data science related projects in python,10.876,0.7303164882442119
you data science and machine learning projects in python,4.351,0.713048267717348
help in machine learning and data analysis in r rstudio,10.876,0.7106994885668342
data science data analysis projects and tasks in python jupyter notebook,2.176,0.7194911064004395
machine learning python projects,4.351,0.758190932501323
machine learning data science data analysis visualization project in python,17.401,0.7919554364118077
data science and machine learning project in python,6.526,0.713048267717348
statistical data analysis using r stata python and spss,10.876,0.751872156562704
your neural networks deep learning python projects etc,2.176,0.7790719509500846
annotation tagging or label of all types of your data,1.088,0.7710253578120682
perform data science with r studio,10.876,0.7751586214199921
data science and machine learning assignments and projects,3.263,0.7843705829803926
machine learning and deep learning in computer vision,10.876,0.7876298161558719
python and machine learning tasks for you,17.401,0.785673202997041
opencv projects using python or cpp,17.401,0.7964178915907099
image classification face recognition,8.701,0.7252035597620756
make computer vision machine learning python projects,2.176,0.7527520206902649
computer vision 2d 3d deep learning cnn with pytorch,10.876,0.7106994885668342
python machine learning deep learning projects,17.401,0.6752657952862129
machine learning deep learning python projects,21.752,0.814196385882324
solve your data science machine learning problems,1.088,0.6418029522161849
solve any computer vision project using opencv machine learning deep learning,17.401,0.7589799666068742
machine and deep learning projects in python,5.438,0.7843705829803926
data analysis in rstudio and rapidminer,5.438,0.7464785219693459
python machine learning and data science,10.876,0.687228727350409
develop jupyter notebook using python pandas,3.263,0.7349300245465662
keenly annotate and segment images videos and texts to train your model,1.088,0.7661904765402587
artificial intelligence machine learning projects and tasks python,17.401,0.7842870398777944
machine learning and deep learning tasks with python,4.351,0.7226419398626543
machine learning projects in python,6.526,0.6341244805759434
image annotation image segmentation and data labelling for,1.088,0.7804778061957706
data science statistical and regression analysis,4.351,0.7709948401125635
python machine learning project deep data analysis visualization nlp eda,21.752,0.7710253578120682
accurately annotate images and videos for your model,1.088,0.8178403006506394
machine learning deep learning data analysis data visualization in python,17.401,0.7497329822074006
deep learning cnn and image classification,10.876,0.7303164882442119
machine learning data science data analysis data mining project in python,17.401,0.8306598697741824
machine learning deep learning computer vision python,10.876,0.7555635241137366
machine learning computer vision python projects jupyter notebook,17.401,0.7391222689051209
data analysis and machine learning data science with jupiter notebook python,17.401,0.7957024559198749
data analytics and modelling with rstudio,10.876,0.7465009706139785
machine learning based web or mobile application,5.438,0.7527520206902649
deep learning with neural networks pytorch,8.701,0.8109804996854996
machine learning python projects,4.351,0.7710253578120682
give you face rating,2.176,0.647335407254609
data science and machine learning in python using jupyter notebook,17.401,0.7555635241137366
machine learning in python,2.176,0.7391222689051209
machine learning deep learning nlp work in python and r,6.526,0.713048267717348
image processing computer vision task using python opencv,10.876,0.7556048506558268
computer science research supervisor,16.314,0.7776051777228943
machine learning data science visualization analysis projects in python,6.526,0.7527520206902649
consult in projects related to rapidminer and rstudio,13.051,0.7057001703361976
preprocessing machine learning and deep learning in python,6.526,0.7404522536314619
machine deep learning artificial intelligence data science mining in python,17.401,0.7194911064004395
computer vision deep learning cnn task in tensorflow,1.088,0.6774721635227496
data science machine learning data analysis nlp projects in python and r,4.351,0.713048267717348
natural language processing nlp topic modeling sentiment text alanalysis task,17.401,0.7929024092103629
data analysis using python pandas matplotlib and sklearn,6.526,0.7964178915907099
your machine learning deep learning ros and computer vision tasks,4.351,0.7812906227873571
assist you in artificial intelligence projects,6.526,0.7303164882442119
pro data analysis visualization with python jupyter notebooks,2.176,0.7430271138512966
deep learning and machine learning using tensorflow and sklearn,8.701,0.7404522536314619
natural language processing nlp projects,21.752,0.7106994885668342
data science machine learning data mining python,17.401,0.8099827419937613
natural language processing nlp and text analysis using python,4.351,0.7197436629191045
build python machine learning and data science models,6.526,0.8128674378916447
data analysis with python and jupyter notebook,10.876,0.790036400483458
data science machine learning nlp work in python r,10.876,0.7556048506558268
time series analysis and forecasting in r,17.401,0.7243398235270185
machine learning and data science project using python r,6.526,0.7194911064004395
machine learning python project,2.176,0.7555635241137366
data science statistical and regression analysis in python,10.876,0.809925300574184
and machine learning algorithms for you,21.752,0.7843705829803926
teach python r and machine learning and deep learning,10.876,0.7497329822074006
r pragromming data analysis data visualisation and machine learning projects,10.876,0.7252035597620756
datamining machine learning projects using weka,17.401,0.6907114621444218
assist in bioinformatics analysis of genomic and meta genomic data,1.088,0.7429551564139516
data analysis and machine learning using jupyter notebook,17.401,0.8154586797476188
data science and machine learning work in python,1.088,0.713048267717348
machine learning deep learning and computer vision in python,6.526,0.6987873023630011
machine learning and deep learning projects in python,21.752,0.7464785219693459
data science machine learning deep learning projects,4.351,0.713048267717348
linear and logistic regression in 24 hours python,10.876,0.7315489515299591
data science and machine learning in rstudio r programming,6.526,0.6752657952862129
data science machine and deep learning articles and blogs,2.176,0.6972068934358862
natural language processing projects using python,21.752,0.7555635241137366
python and machine learning tasks,17.401,0.65600440629996
data science machine learning with complete eda visualization prediction,17.401,0.7055328235647035
data science and analysis using python build perfect jupyter notebook,10.876,0.8138374670657965
python machine learning deep learning computer vision imageprocess detection,17.401,0.7434905795332644
data science for you,3.263,0.7450298313883402
gui python java cpp sql database bot script programming assignment task project,7.613,0.8215932849818158
help in your artificial intelligence projects,2.176,0.7391222689051209
programming or work in any language,2.176,0.7761163276835715
computer vision image processing using opencv,17.401,0.8146620455179644
tutor help pde ode calculus data science all university mathematics maths,10.876,0.7464785219693459
data science using python or r,2.176,0.7651532812676322
data analysis and data science with python in jupyter notebook,10.876,0.6987873023630011
research and write management information systems tasks,2.176,0.6135420662235799
build natural language processing nlp systems,17.401,0.7855716133119172
deep learning computer vision tasks and projects,21.752,0.7194911064004395
pandas data analysis machine learning data science with python programming,17.401,0.7661093223108297
image annotation and data labeling tagging bounding box polygon annotation,1.088,0.7760727410295211
hago modelos machine learning r,4.351,0.647335407254609
data analysis tkinter pandas web scraping ml matplotlib in python,17.401,0.7691706387241728
machine learning data science deep learning python,17.401,0.7349300245465662
annotate and label images for and machine learning,1.088,0.758190932501323
make any script using r in rstudio,13.051,0.6418029522161849
solve your data science machine learning nlp problems,21.752,0.7555635241137366
computer vision related projects using opencv in python,8.701,0.7057001703361976
data mining machine learning projects in weka,2.176,0.7804778061957706
machine learning and data science in python,21.752,0.6972068934358862
machine learning and deep learning python projects,2.176,0.687228727350409
code python programming tasks and projects,2.176,0.7057001703361976
python data science machine learning web designing,1.088,0.7011038287144434
machine learning python projects,10.876,0.7629700324182354
statistical data analysis machine learning in r rstudio,1.088,0.7194911064004395
help in data analysis and machine learning in using r studio,1.088,0.758190932501323
object detection raspberrypi,4.351,0.6414303419610152
weka machine learning artificial intelligence tasks,4.351,0.713048267717348
data science and machine learning projects using python,10.876,0.7606541129900376
dedicated data science expert,17.401,0.7157101584793277
data annotation image video tagging and labeling for,2.176,0.6671872749811095
data and image annotation tagging labeling for object detection ml and dl,1.088,0.7804895337588957
build an end to end machine learning system in python,10.876,0.7057001703361976
jupyter notebooks for data science tasks,5.438,0.7132369501573935
deep learning computer vision object detection tensorflow keras python,17.401,0.7429551564139516
regression and classification analysis in python,10.876,0.7988045737769698
machine learning and data science projects using python,4.351,0.7937830871538861
work your computer vision projects,17.401,0.8017073499969806
any computer vision deep learning projects,17.401,0.7843705829803926
machine learning deep learning and opencv projects,6.526,0.7731472477063334
python data science analysis machine learning projects,2.176,0.7376969802764597
jupyter notebook with python pandas numpy data analysis,1.088,0.7166193810905721
data science data analysis work by using r programming,1.088,0.7349300245465662
ensure your data science data analysis project in python,10.876,0.6752657952862129
all your data science projects msc engineer,5.438,0.8049592764884774
qualitative data analysis and machine learning task,10.876,0.7243398235270185
data science tasks projects in python a data scientist,17.401,0.7171918304731413
neural network deep learning models with keras in python ann cnn rnn lstm,17.401,0.6752657952862129
deep learning and machine learning projects,6.526,0.7760727410295211
data science and machine learning projects in python,17.401,0.7629700324182354
python data science machine learning service,17.401,0.7790719509500846
jupyter notebook with data analysis and machine learning,17.401,0.7820699331923054
knn kmean svm other machine learning algorithms in python,1.088,0.7867294286862891
python project task and assignments,1.088,0.7243398235270185
image and audio processing tasks using python,17.401,0.7202314240556349
machine learning and artificial intelligence in python,17.401,0.7349300245465662
machine learning data science and deep learning project,17.401,0.757333322044763
statistical and data analysis,7.613,0.7709948401125635
build train and test nlp models using ml and dl,2.176,0.6418029522161849
nlp machine learning deep learning projects,1.088,0.7776051777228943
solve machine learning and data science problems,10.876,0.7497329822074006
develop jupyter notebook for data analysis and visualization,6.526,0.7804778061957706
data science deep learning and machine learning python tasks,17.401,0.7602772189553353
your opencv image processing and python projects,3.263,0.6915861669294737
omics and bioinformatics projects,17.401,0.7157101584793277
nlp machine learning data science projects,1.088,0.65600440629996
any machine or deep learning projects using python,1.088,0.6418029522161849
help you in data analysis and machine learning in r rstudio,1.088,0.721183497111165
machine learning deep learning and computer vision tasks,3.263,0.6972068934358862
any natural language processing or nlp projects in python,2.176,0.7430271138512966
make your machine learning projects in python,6.526,0.785673202997041
machine learning projects in python,18.489,0.7698601810456789
python projects using machine learning and deep learning,17.401,0.65600440629996
